filename,name
1.png,Cá phi
2.png,Ghẹ
3.png,Cua
4.png,Cua
5.png,Cua
6.png,Cua
7.png,Cua
8.png,Cua
9.png,Cua
10.png,Cua
11.png,Cua
12.png,Cua
13.png,Cá ngừ
14.png,Ghẹ
15.png,Ghẹ
16.png,Ghẹ
17.png,Ghẹ
18.png,Ghẹ
19.png,Ghẹ
20.png,Ghẹ
21.png,Ghẹ
22.png,Ghẹ
23.png,Ghẹ
24.png,Ghẹ
25.png,Cá phi
26.png,Cá phi
27.png,Cá phi
28.png,Cá phi
29.png,Cá phi
30.png,Cá phi
31.png,Cá phi
32.png,Cá phi
33.png,Cá phi
34.png,Cá phi
35.png,Cá phi
36.png,Cá lóc
37.png,Cá lóc
38.png,Cá lóc
39.png,Cá lóc
40.png,Cá lóc
41.png,Cá lóc
42.png,Cá trê
43.png,Cá trê
44.png,Cá trê
45.png,Cá trê
46.png,Cá trê
47.png,Cá trê
48.png,Cá trê
49.png,Cá trê
50.png,Cá nâu
51.png,Cá nâu
52.png,Cá nâu
53.png,Cá nâu
54.png,Cá nâu
55.png,Cá nâu
56.png,Cá chẽm
57.png,Cá chẽm
58.png,Cá chẽm
59.png,Cá chẽm
60.png,Cá chẽm
61.png,Cá chẽm
62.png,Cá chẽm
63.png,Cá chẽm
64.png,Cá chẽm
65.png,Cá chẽm
66.png,Cá chẽm
67.png,Cá chẽm
68.png,Cá mú
69.png,Cá mú
70.png,Cá mú
71.png,Cá mú
72.png,Cá mú
73.png,Cá mú
74.png,Cá mú
75.png,Mực
76.png,Mực
77.png,Mực
78.png,Mực
79.png,Mực
80.png,Mực
81.png,Mực
82.png,Mực
83.png,Bạch tuộc
84.png,Bạch tuộc
85.png,Bạch tuộc
86.png,Bạch tuộc
87.png,Bạch tuộc
88.png,Bạch tuộc
89.png,Bạch tuộc
90.png,Tôm sú
91.png,Tôm sú
92.png,Tôm sú
93.png,Tôm sú
94.png,Tôm sú
95.png,Tôm sú
96.png,Tôm thẻ
97.png,Tôm thẻ
98.png,Tôm hùm Alaska
99.png,Tôm hùm Alaska
100.png,Tôm hùm Alaska
101.png,Tôm hùm Alaska
102.png,Tôm hùm Alaska
103.png,Tôm hùm Alaska
104.png,Tôm hùm Alaska
105.png,Tôm hùm Alaska
106.png,Tôm hùm xanh
107.png,Tôm hùm xanh
108.png,Tôm hùm xanh
109.png,Tôm thẻ
110.png,Cá ngừ
111.png,Cá ngừ
112.png,Cá ngừ
113.png,Cá ngừ
114.png,Cá ngừ
115.png,Cá ngừ
116.png,Cua
117.png,Cua
118.png,Cua
119.png,Cua
120.png,Cua
121.png,Cua
122.png,Cua
123.png,Cua hoàng đế
124.png,Cua hoàng đế
124.png,Cua
125.png,Cua
126.png,Cua hoàng đế
127.png,Cua đá
128.png,Cua
129.png,Cua
130.png,Cua hoàng đế
131.png,Cua hoàng đế
132.png,Cua hoàng đế
133.png,Cua
134.png,Cua
135.png,Cua
136.png,Cua
137.png,Cua
138.png,Cua
139.png,Cua
140.png,Cua
141.png,Cua
142.png,Cua
143.png,Cua
144.png,Cua
145.png,Cua
146.png,Cua
147.png,Cua
148.png,Cua
149.png,Cua
150.png,Cua
151.png,Cua
152.png,Cua
153.png,Cua
154.png,Cua
155.png,Cua
156.png,Cua
157.jpg,Cua
158.png,Cua
159.png,Cua
160.png,Cua
161.png,Cua
162.png,Cua
163.png,Cua
164.png,Cua
165.png,Cua
166.png,Cua
167.png,Cua
168.png,Cua
169.png,Cua
170.png,Cua
171.png,Cua
172.png,Cua
173.png,Cua
174.png,Cua
175.png,Cua
176.png,Cua
177.png,Cua
178.png,Cua
179.png,Cua
180.png,Cua
181.png,Cua
182.png,Cua
183.png,Cua
184.png,Cua
185.png,Cua
186.png,Cua hoàng đế
187.png,Cua
188.png,Cua
189.png,Cua
190.png,Cua
191.png,Cua
192.png,Cua
193.png,Cua
194.png,Cua
195.png,Cua
196.png,Cua
197.png,Cua
198.png,Cua
199.png,Cua
200.png,Cua hoàng đế
201.png,Cua
202.png,Cua
203.png,Cua hoàng đế
204.png,Cua
205.png,Cua
206.png,Cua hoàng đế
207.png,Cua
208.png,Cua
209.png,Cua
210.png,Cua
211.png,Cua
212.png,Cua
213.png,Cua
214.png,Cua
215.png,Cua hoàng đế
216.png,Cua
217.png,Cua
218.png,Cua
219.png,Cua
220.png,Cua
221.png,Cua
222.png,Cua
223.png,Cua 
224.png,Cua hoàng đế
225.png,Cua
226.png,Cua
227.png,Cua
228.png,Cua
229.png,Cua
230.png,Cua
231.png,Cua
232.png,Cua
233.png,Cua
234.png,Cua hoàng đế
235.png,Cá mú
236.png,Cá mú
237.png,Cá mú
238.png,Cá mú
239.png,Cá mú
240.png,Cá mú
241.png,Cá mú
242.png,Cá mú
243.png,Cá mú
244.png,Cá mú
245.png,Cá mú
246.png,Cá mú
247.png,Cá mú
248.png,Cá mú
249.png,Cá mú
250.png,Cá mú
251.png,Cá mú
252.png,Cá mú
253.png,Cá mú
254.png,Cá mú
255.png,Cá mú
256.png,Cá mú
257.png,Cá mú
258.png,Cá mú
259.png,Cá mú
260.png,Cá mú
261.png,Cá mú
262.png,Cá mú
263.png,Cá mú
264.png,Cá mú
265.png,Cá mú
266.png,Cá mú
267.png,Cá mú
268.png,Cá mú
269.png,Cá mú
270.png,Cá mú
271.png,Cá mú
272.png,Cá mú
273.png,Cá mú
274.png,Cá mú
275.png,Cá mú
276.png,Cá mú
277.png,Cá mú
278.png,Cá mú
279.png,Cá mú
280.png,Cá mú
281.png,Cá mú
282.png,Cá mú
283.png,Cá mú
284.png,Cá mú
285.png,Cá mú
286.png,Cá mú
287.png,Cá mú
288.png,Cá mú
289.png,Cá mú
290.png,Cá mú
291.png,Cá mú
292.png,Cá mú
293.png,Cá mú
294.png,Cá mú
295.png,Cá mú
296.png,Cá mú
297.png,Cá mú
298.png,Cá mú
299.png,Cá mú
300.png,Cá mú
301.png,Cá mú
302.png,Cá mú
303.png,Cá mú
304.png,Cá mú
305.png,Cá mú
306.png,Cá mú
307.png,Cá mú
308.png,Cá mú
309.png,Cá mú
310.png,Cá mú
311.png,Cá mú
312.png,Cá mú
313.png,Cá mú
314.png,Cá mú
315.png,Cá mú
316.png,Cá mú
317.png,Cá mú
318.png,Cá mú
319.png,Cá mú
320.png,Cá mú
321.png,Cá mú
322.png,Cá mú
323.png,Cá mú
324.png,Cá mú
325.png,Cá mú
326.png,Cá mú
327.png,Cá mú
328.png,Cá mú
329.png,Cá mú
330.png,Cá mú
331.png,Cá mú
332.png,Cá mú
333.png,Cá mú
334.png,Cá mú
335.png,Cá mú
336.png,Cá mú
337.png,Cá mú
338.png,Cá mú
339.png,Cá mú
340.png,Cá mú
341.png,Cá mú
342.png,Cá mú
343.png,Cá mú
344.png,Cá mú
345.png,Cá mú
346.png,Cá mú
347.png,Cá mú
348.png,Cá mú
349.png,Cá mú
350.png,Cá mú
351.png,Cá mú
352.png,Cá mú
353.png,Cá mú
354.png,Cá mú
355.png,Cá mú
356.png,Cá mú
357.png,Cá mú
358.png,Cá mú
359.png,Cá mú
360.png,Cá mú
361.png,Cá mú
362.png,Cá mú
363.png,Cá mú
364.png,Cá mú
365.png,Cá mú
366.png,Cá mú
367.png,Cá mú
368.png,Cá mú
369.png,Cá mú
370.png,Cá mú
371.png,Cá mú
372.png,Cá mú
373.png,Cá mú
374.png,Cá mú
375.png,Cá mú
376.png,Cá mú
377.png,Cá mú
378.png,Cá mú
379.png,Cá mú
380.png,Cá mú
381.png,Cá mú
382.png,Cá mú
383.png,Cá mú
384.png,Cá mú
385.png,Cá mú
386.png,Cá mú
387.png,Cá mú
388.png,Cá mú
389.png,Cá mú
390.png,Cá mú
391.png,Cá mú
392.png,Cá mú
393.png,Cá mú
394.png,Cá mú
395.png,Cá mú
396.png,Cá mú
397.png,Cá mú
398.png,Cá mú
399.png,Cá mú
400.png,Cá mú
401.png,Cá mú
402.png,Cá mú
403.png,Cá mú
404.png,Cá mú
405.png,Cá mú
406.png,Cá mú
407.png,Cá mú
408.png,Cá mú
409.png,Cá mú
410.png,Cá mú
411.png,Cá mú
412.png,Cá mú
413.png,Cá mú
414.png,Cá mú
415.png,Cá mú
416.png,Cá mú
417.png,Cá mú
418.png,Cá mú
419.png,Cá mú
420.png,Cá mú
421.png,Cá mú
422.png,Cá mú
423.png,Cá mú
424.png,Cá mú
425.png,Cá mú
426.png,Cá mú
427.png,Cá mú
428.png,Cá mú
429.png,Cá mú
430.png,Cá mú
431.png,Cá mú
432.png,Cá mú
433.png,Cá mú
434.png,Cá mú
435.png,Cá mú
436.png,Cá mú
437.png,Cá mú
438.png,Cá mú
439.png,Cá mú
440.png,Cá mú
441.png,Cá mú
442.png,Cá mú
443.png,Cá mú
444.png,Cá mú
445.png,Cá mú
446.png,Cá mú
447.png,Cá mú
448.png,Cá mú
449.png,Cá mú
450.png,Cá mú
451.png,Cá mú
452.png,Cá mú
453.png,Cá mú
454.png,Cá mú
455.png,Cá mú
456.png,Cá mú
469.png,Cá mú
470.png,Cá mú
471.png,Cá mú
472.png,Cá mú
473.png,Cá mú
474.png,Cá mú
475.png,Cá mú
476.png,Cá mú
477.png,Cá mú
478.png,Cá mú
479.png,Cá mú
480.png,Cá mú
517.png,Cá mú
518.png,Cá mú
519.png,Cá mú
520.png,Cá mú
521.png,Cá mú
522.png,Cá mú
523.png,Cá mú
524.png,Cá mú
525.png,Cá mú
526.png,Cá mú
527.png,Cá mú
528.png,Cá mú
529.png,Cá mú
530.png,Cá mú
531.png,Cá mú
532.png,Cá mú
533.png,Cá mú
534.png,Cá mú
535.png,Cá mú
536.png,Cá mú
537.png,Cá mú
538.png,Cá mú
539.png,Cá mú
540.png,Cá mú
541.png,Cá mú
542.png,Cá mú
543.png,Cá mú
544.png,Cá mú
545.png,Cá mú
546.png,Cá phi
547.png,Cá phi
548.png,Cá phi
549.png,Cá phi
550.png,Cá phi
551.png,Cá phi
552.png,Cá phi
553.png,Cá phi
554.png,Cá phi
555.png,Cá phi
556.png,Cá phi
557.png,Cá phi
558.png,Cá phi
559.png,Cá phi
560.png,Cá phi
561.png,Cá phi
562.png,Cá phi
563.png,Cá phi
564.png,Cá phi
565.png,Cá phi
566.png,Cá phi
567.png,Cá phi
568.png,Cá phi
569.png,Cá phi
570.png,Cá phi
571.png,Cá phi
572.png,Cá phi
573.png,Cá phi
574.png,Cá phi
575.png,Cá phi
576.png,Cá phi
577.png,Cá phi
578.png,Cá phi
579.png,Cá phi
580.png,Cá phi
581.png,Cá phi
582.png,Cá phi
583.png,Cá phi
584.png,Cá phi
585.png,Cá phi
586.png,Cá phi
587.png,Cá phi
588.png,Cá phi
589.png,Cá phi
590.png,Cá phi
591.png,Cá phi
592.png,Cá phi
593.png,Cá phi
594.png,Cá phi
595.png,Cá phi
596.png,Cá phi
597.png,Cá phi
598.png,Cá phi
599.png,Cá phi
600.png,Cá phi
601.png,Cá phi
602.png,Cá phi
603.png,Cá phi
604.png,Cá phi
605.png,Cá phi
606.png,Cá phi
607.png,Cá phi
608.png,Cá phi
609.png,Cá phi
610.png,Cá phi
611.png,Cá phi
612.png,Cá phi
613.png,Cá phi
614.png,Cá phi
615.png,Cá phi
616.png,Cá phi
617.png,Cá phi
618.png,Cá phi
619.png,Cá phi
620.png,Cá phi
621.png,Cá phi
622.png,Cá phi
623.png,Cá phi
624.png,Cá phi
625.png,Cá phi
626.png,Cá phi
627.png,Cá phi
628.png,Cá phi
629.png,Cá phi
630.png,Cá phi
631.png,Cá phi
632.png,Cá phi
633.png,Cá phi
634.png,Cá phi
635.png,Cá phi
636.png,Cá phi
637.png,Cá phi
638.png,Cá phi
639.png,Cá phi
640.png,Cá phi
641.png,Cá phi
642.png,Cá phi
643.png,Cá phi
644.png,Cá phi
645.png,Cá phi
646.png,Cá phi
647.png,Cá phi
648.png,Cá phi
649.png,Cá phi
650.png,Cá phi
651.png,Cá phi
652.png,Cá phi
653.png,Cá phi
654.png,Cá phi
655.png,Cá phi
656.png,Cá phi
657.png,Cá phi
658.png,Cá phi
659.png,Cá phi
660.png,Cá phi
661.png,Cá phi
662.png,Cua hoàng đế
663.png,Cua hoàng đế
664.png,Cua hoàng đế
665.png,Cua hoàng đế
666.png,Cua hoàng đế
667.png,Cua hoàng đế
668.png,Cua hoàng đế
669.png,Cua hoàng đế
670.png,Cua hoàng đế
671.png,Cua hoàng đế
672.png,Cua hoàng đế
673.png,Cua hoàng đế
674.png,Cua hoàng đế
675.png,Cua hoàng đế
676.png,Cua hoàng đế
677.png,Cua hoàng đế
678.png,Cua hoàng đế
679.png,Cua hoàng đế
680.png,Cua hoàng đế
681.png,Cua hoàng đế
682.png,Cua hoàng đế
683.png,Cua hoàng đế
684.png,Cua hoàng đế
685.png,Cua hoàng đế
686.png,Cua hoàng đế
687.png,Cua hoàng đế
688.png,Cua hoàng đế
689.png,Cua hoàng đế
690.png,Cua hoàng đế
691.png,Cua hoàng đế
692.png,Cua hoàng đế
693.png,Cua hoàng đế
694.png,Cua hoàng đế
695.png,Cua hoàng đế
696.png,Cua hoàng đế
697.png,Cua hoàng đế
698.png,Cua hoàng đế
699.png,Cua hoàng đế
700.png,Cua hoàng đế
701.png,Cua hoàng đế
702.png,Cua hoàng đế
703.png,Cua hoàng đế
704.png,Cua hoàng đế
705.png,Cua hoàng đế
706.png,Cua hoàng đế
707.png,Cua hoàng đế
708.png,Cua hoàng đế
709.png,Cua hoàng đế
710.png,Cua hoàng đế
711.png,Cua hoàng đế
712.png,Cua hoàng đế
713.png,Cua hoàng đế
714.png,Cua hoàng đế
715.png,Cua hoàng đế
716.png,Cua hoàng đế
717.png,Cua hoàng đế
718.png,Cua hoàng đế
719.png,Cua hoàng đế
720.png,Cua hoàng đế
721.png,Cua hoàng đế
722.png,Cua hoàng đế
723.png,Cua hoàng đế
724.png,Cua hoàng đế
725.png,Cua hoàng đế
726.png,Cua hoàng đế
727.png,Cua hoàng đế
728.png,Cua hoàng đế
729.png,Cua hoàng đế
730.png,Cua hoàng đế
731.png,Cua hoàng đế
732.png,Cua hoàng đế
733.png,Cua hoàng đế
734.png,Cua hoàng đế
735.png,Cua hoàng đế
736.png,Cua hoàng đế
737.png,Cua hoàng đế
738.png,Cua hoàng đế
739.png,Cua hoàng đế
740.png,Cua hoàng đế
741.png,Cua hoàng đế
742.png,Tôm sú
743.png,Tôm sú
744.png,Tôm sú
745.png,Tôm sú
746.png,Tôm sú
747.png,Tôm sú
748.png,Tôm sú
749.png,Tôm sú
750.png,Tôm sú
751.png,Tôm sú
752.png,Tôm sú
753.png,Tôm sú
754.png,Tôm sú
755.png,Tôm sú
756.png,Tôm sú
757.png,Tôm sú
758.png,Tôm sú
759.png,Tôm sú
760.png,Tôm sú
761.png,Tôm sú
762.png,Tôm sú
763.png,Tôm sú
764.png,Tôm sú
765.png,Tôm sú
766.png,Tôm sú
767.png,Tôm sú
768.png,Tôm sú
769.png,Tôm sú
770.png,Tôm sú
771.png,Tôm sú
772.png,Tôm sú
773.png,Tôm sú
774.png,Tôm sú
775.png,Tôm sú
776.png,Tôm sú
777.png,Tôm sú
778.png,Tôm sú
779.png,Tôm sú
780.png,Tôm sú
781.png,Tôm sú
782.png,Tôm sú
783.png,Tôm sú
784.png,Tôm sú
785.png,Tôm sú
786.png,Tôm sú
787.png,Tôm sú
788.png,Tôm sú
789.png,Tôm sú
790.png,Tôm sú
791.png,Tôm sú
792.png,Tôm sú
793.png,Tôm sú
794.png,Tôm sú
795.png,Tôm sú
796.png,Tôm sú
797.png,Tôm sú
798.png,Tôm sú
799.png,Tôm sú
800.png,Tôm sú
801.png,Tôm sú
802.png,Tôm sú
803.png,Tôm sú
804.png,Tôm sú
805.png,Tôm sú
806.png,Tôm sú
807.png,Tôm sú
808.png,Tôm sú
809.png,Tôm sú
810.png,Tôm sú
811.png,Tôm sú
812.png,Tôm sú
813.png,Tôm sú
814.png,Tôm sú
815.png,Tôm sú
816.png,Tôm sú
817.png,Tôm sú
818.png,Tôm sú
819.png,Tôm sú
820.png,Tôm thẻ
821.png,Tôm thẻ
822.png,Tôm thẻ
823.png,Tôm thẻ
824.png,Tôm thẻ
825.png,Tôm thẻ
826.png,Tôm thẻ
827.png,Tôm thẻ
828.png,Tôm thẻ
829.png,Tôm thẻ
830.png,Tôm thẻ
831.png,Tôm thẻ
832.png,Tôm thẻ
833.png,Tôm thẻ
834.png,Tôm thẻ
835.png,Tôm thẻ
836.png,Tôm thẻ
837.png,Tôm thẻ
838.png,Tôm thẻ
839.png,Tôm thẻ
840.png,Tôm thẻ
841.png,Tôm thẻ
842.png,Tôm thẻ
843.png,Tôm thẻ
844.png,Tôm thẻ
845.png,Tôm thẻ
846.png,Tôm thẻ
847.png,Tôm thẻ
848.png,Tôm thẻ
849.png,Tôm thẻ
850.png,Tôm thẻ
851.png,Tôm thẻ
852.png,Tôm thẻ
853.png,Tôm thẻ
854.png,Tôm thẻ
855.png,Tôm thẻ
856.png,Tôm thẻ
857.png,Tôm thẻ
858.png,Tôm thẻ
859.png,Tôm thẻ
860.png,Tôm thẻ
861.png,Tôm thẻ
862.png,Tôm thẻ
863.png,Tôm thẻ
864.png,Tôm thẻ
865.png,Tôm thẻ
866.png,Tôm thẻ
867.png,Tôm thẻ
868.png,Tôm thẻ
869.png,Tôm thẻ
870.png,Tôm thẻ
871.png,Tôm thẻ
872.png,Tôm càng xanh
873.png,Tôm càng xanh
874.png,Tôm càng xanh
875.png,Tôm càng xanh
876.png,Tôm càng xanh
877.png,Tôm càng xanh
878.png,Tôm càng xanh
879.png,Tôm càng xanh
880.png,Tôm càng xanh
881.png,Tôm càng xanh
882.png,Tôm càng xanh
883.png,Tôm càng xanh
884.png,Tôm càng xanh
885.png,Tôm càng xanh
886.png,Tôm càng xanh
887.png,Tôm càng xanh
888.png,Tôm càng xanh
889.png,Tôm càng xanh
890.png,Tôm càng xanh
891.png,Tôm càng xanh
892.png,Tôm càng xanh
893.png,Tôm càng xanh
894.png,Tôm càng xanh
895.png,Tôm càng xanh
896.png,Tôm càng xanh
897.png,Tôm càng xanh
898.png,Tôm càng xanh
899.png,Tôm càng xanh
900.png,Tôm càng xanh
901.png,Tôm càng xanh
902.png,Tôm càng xanh
903.png,Tôm càng xanh
904.png,Tôm càng xanh
905.png,Tôm càng xanh
906.png,Tôm càng xanh
907.png,Tôm càng xanh
908.png,Tôm càng xanh
909.png,Tôm càng xanh
910.png,Tôm càng xanh
911.png,Tôm càng xanh
912.png,Tôm càng xanh
913.png,Tôm càng xanh
914.png,Tôm càng xanh
915.png,Tôm càng xanh
916.png,Tôm càng xanh
917.png,Tôm càng xanh
918.png,Tôm càng xanh
919.png,Tôm càng xanh
920.png,Tôm càng xanh
921.png,Tôm càng xanh
922.png,Tôm càng xanh
923.png,Tôm càng xanh
924.png,Tôm càng xanh
925.png,Tôm càng xanh
926.png,Tôm càng xanh
927.png,Tôm càng xanh
928.png,Tôm càng xanh
929.png,Tôm càng xanh
930.png,Tôm càng xanh
931.png,Tôm càng xanh
932.png,Tôm càng xanh
933.png,Tôm càng xanh
934.png,Tôm càng xanh
935.png,Tôm càng xanh
936.png,Tôm càng xanh
949.png,Tôm càng xanh
950.png,Tôm càng xanh
951.png,Tôm càng xanh
952.png,Tôm càng xanh
953.png,Tôm càng xanh
954.png,Tôm càng xanh
955.png,Tôm càng xanh
956.png,Tôm càng xanh
957.png,Tôm càng xanh
958.png,Tôm càng xanh
959.png,Tôm càng xanh
960.png,Tôm càng xanh
961.png,Tôm càng xanh
962.png,Tôm càng xanh
963.png,Tôm càng xanh
964.png,Tôm càng xanh
965.png,Tôm càng xanh
966.png,Tôm càng xanh
967.png,Tôm càng xanh
968.png,Tôm càng xanh
969.png,Tôm càng xanh
970.png,Tôm hùm Alaska
971.png,Tôm hùm Alaska
972.png,Tôm hùm Alaska
973.png,Tôm hùm Alaska
974.png,Tôm hùm Alaska
975.png,Tôm hùm Alaska
976.png,Tôm hùm Alaska
977.png,Tôm hùm Alaska
978.png,Tôm hùm Alaska
979.png,Tôm hùm Alaska
980.png,Tôm hùm Alaska
981.png,Tôm hùm Alaska
982.png,Tôm hùm Alaska
983.png,Tôm hùm Alaska
984.png,Tôm hùm Alaska
985.png,Tôm hùm Alaska
986.png,Tôm hùm Alaska
987.png,Tôm hùm Alaska
988.png,Tôm hùm Alaska
989.png,Tôm hùm Alaska
990.png,Tôm hùm Alaska
991.png,Tôm hùm Alaska
992.png,Tôm hùm Alaska
993.png,Tôm hùm Alaska
994.png,Tôm hùm Alaska
995.png,Tôm hùm Alaska
996.png,Tôm hùm Alaska
997.png,Tôm hùm Alaska
998.png,Tôm hùm Alaska
999.png,Tôm hùm Alaska
1000.png,Tôm hùm Alaska
1001.png,Tôm hùm Alaska
1002.png,Tôm hùm Alaska
1003.png,Tôm hùm Alaska
1004.png,Tôm hùm Alaska
1005.png,Tôm hùm Alaska
1006.png,Tôm hùm Alaska
1007.png,Tôm hùm Alaska
1008.png,Tôm hùm Alaska
1009.png,Tôm hùm Alaska
1010.png,Tôm hùm Alaska
1011.png,Tôm hùm Alaska
1012.png,Tôm hùm Alaska
1013.png,Tôm hùm Alaska
1014.png,Tôm hùm Alaska
1015.png,Tôm hùm Alaska
1016.png,Tôm hùm Alaska
1017.png,Tôm hùm Alaska
1018.png,Tôm hùm Alaska
1019.png,Tôm hùm Alaska
1020.png,Tôm hùm Alaska
1021.png,Tôm hùm Alaska
1022.png,Tôm hùm Alaska
1023.png,Tôm hùm Alaska
1024.png,Tôm hùm Alaska
1025.png,Tôm hùm Alaska
1026.png,Tôm hùm Alaska
1027.png,Tôm hùm Alaska
1028.png,Tôm hùm Alaska
1029.png,Tôm hùm Alaska
1030.png,Tôm hùm Alaska
1031.png,Tôm hùm Alaska
1032.png,Tôm hùm Alaska
1033.png,Tôm hùm Alaska
1034.png,Tôm hùm Alaska
1035.png,Tôm hùm Alaska
1036.png,Tôm hùm Alaska
1037.png,Tôm hùm Alaska
1038.png,Tôm hùm Alaska
1039.png,Tôm hùm Alaska
1040.png,Tôm hùm Alaska
1041.png,Tôm hùm Alaska
1042.png,Tôm hùm Alaska
1043.png,Tôm hùm Alaska
1044.png,Tôm hùm Alaska
1045.png,Tôm hùm Alaska
1046.png,Tôm hùm Alaska
1047.png,Tôm hùm Alaska
1048.png,Tôm hùm Alaska
1049.png,Tôm hùm Alaska
1050.png,Tôm hùm xanh
1051.png,Tôm hùm xanh
1052.png,Tôm hùm xanh
1053.png,Tôm hùm xanh
1054.png,Tôm hùm xanh
1055.png,Tôm hùm xanh
1056.png,Tôm hùm xanh
1057.png,Tôm hùm xanh
1058.png,Tôm hùm xanh
1059.png,Tôm hùm xanh
1060.png,Tôm hùm xanh
1061.png,Tôm hùm xanh
1062.png,Tôm hùm xanh
1063.png,Tôm hùm xanh
1064.png,Tôm hùm xanh
1065.png,Tôm hùm xanh
1066.png,Tôm hùm xanh
1067.png,Tôm hùm xanh
1068.png,Tôm hùm xanh
1069.png,Tôm hùm xanh
1070.png,Tôm hùm xanh
1071.png,Tôm hùm xanh
1072.png,Tôm hùm xanh
1073.png,Tôm hùm xanh
1074.png,Tôm hùm xanh
1075.png,Tôm hùm xanh
1076.png,Tôm hùm xanh
1077.png,Tôm hùm xanh
1078.png,Tôm hùm xanh
1079.png,Tôm hùm xanh
1080.png,Tôm hùm xanh
1081.png,Tôm hùm xanh
1082.png,Tôm hùm xanh
1083.png,Tôm hùm xanh
1084.png,Tôm hùm xanh
1085.png,Tôm hùm xanh
1086.png,Tôm hùm xanh
1087.png,Tôm hùm xanh
1088.png,Tôm hùm xanh
1089.png,Tôm hùm xanh
1090.png,Tôm hùm xanh
1091.png,Tôm hùm xanh
1092.png,Tôm hùm xanh
1093.png,Tôm hùm xanh
1094.png,Tôm hùm xanh
1095.png,Tôm hùm xanh
1096.png,Tôm hùm xanh
1097.png,Tôm hùm xanh
1098.png,Tôm hùm xanh
1099.png,Tôm hùm xanh
1100.png,Tôm hùm xanh
1101.png,Tôm hùm xanh
1102.png,Tôm hùm xanh
1103.png,Tôm hùm xanh
1104.png,Tôm hùm xanh
1105.png,Tôm hùm xanh
1106.png,Tôm hùm xanh
1107.png,Tôm hùm xanh
1108.png,Tôm hùm xanh
1109.png,Tôm hùm xanh
1110.png,Tôm hùm xanh
1111.png,Tôm hùm xanh
1112.png,Tôm hùm xanh
1113.png,Tôm hùm xanh
1114.png,Tôm hùm xanh
1115.png,Tôm hùm xanh
1116.png,Tôm hùm xanh
1117.png,Tôm hùm xanh
1118.png,Tôm hùm xanh
1119.png,Tôm hùm xanh
1120.png,Tôm hùm xanh
1121.png,Ghẹ
1122.png,Ghẹ
1123.png,Ghẹ
1124.png,Ghẹ
1125.png,Ghẹ
1126.png,Ghẹ
1127.png,Ghẹ
1128.png,Ghẹ
1129.png,Cá ngát
1130.png,Cá ngát
1131.png,Cá ngát
1132.png,Cá ngát
1133.png,Cá ngát
1134.png,Cá ngát
1135.png,Cá ngát
1136.png,Cá ngát
1137.png,Cá ngát
1138.png,Cá nâu
1139.png,Cá nâu
1140.png,Cá nâu
1141.png,Cá nâu
1142.png,Cá nâu
1143.png,Cá nâu
1144.png,Cá nâu
1145.png,Cá nâu
1146.png,Cá nâu
1147.png,Cá nâu
1148.png,Cá nâu
1149.png,Cá nâu
1150.png,Cá nâu
1151.png,Cá nâu
1152.png,Cá nâu
1153.png,Cá nâu
1154.png,Cá nâu
1155.png,Cá nâu
1156.png,Cá nâu
1157.png,Cá nâu
1158.png,Cá nâu
1159.png,Cá nâu
1160.png,Cá đối
1161.png,Cá đối
1162.png,Cá đối
1163.png,Cá đối
1164.png,Cá đối
1165.png,Cá đối
1166.png,Cá đối
1167.png,Cá đối
1168.png,Cá đối
1169.png,Cá đối
1170.png,Cá đối
1171.png,Cá đối
1172.png,Cá đối
1173.png,Cá đối
1174.png,Cá đối
1175.png,Cá đối
1176.png,Cá đối
1177.png,Cá đối
1178.png,Cá đối
1179.png,Cá đối
1180.png,Cá đối
1181.png,Cá đối
1182.png,Cá đối
1183.png,Cá đối
1184.png,Cá đối
1185.png,Cá đối
1186.png,Cá đối
1187.png,Cá đối
1188.png,Cá đối
1189.png,Cá đối
1190.png,Cá đối
1191.png,Cá đối
1192.png,Cá đối
1193.png,Cá đối
1194.png,Cá đối
1195.png,Cá đối
1196.png,Cá đối
1197.png,Cá trê
1198.png,Cá trê
1199.png,Cá trê
1200.png,Cá trê
1201.png,Cá trê
1202.png,Cá trê
1203.png,Cá trê
1204.png,Cá trê
1205.png,Cá trê
1206.png,Cá trê
1207.png,Cá trê
1208.png,Cá trê
1209.png,Cá trê
1210.png,Cá trê
1211.png,Cá trê
1212.png,Cá trê
1213.png,Cá trê
1214.png,Cá trê
1215.png,Cá trê
1216.png,Cá trê
1217.png,Cá trê
1218.png,Cá trê
1219.png,Cá trê
1220.png,Cá trê
1221.png,Cá trê
1222.png,Cá trê
1223.png,Cá trê
1224.png,Cá trê
1225.png,Cá trê
1226.png,Cá trê
1227.png,Cá trê
1228.png,Cá trê
1229.png,Cá trê
1230.png,Cá trê
1231.png,Cá trê
1232.png,Cá trê
1233.png,Cá trê
1234.png,Cá trê
1235.png,Cá trê
1236.png,Cá trê
1237.png,Cá lóc
1238.png,Cá lóc
1239.png,Cá lóc
1240.png,Cá lóc
1241.png,Cá lóc
1242.png,Cá lóc
1243.png,Cá lóc
1244.png,Cá lóc
1245.png,Cá lóc
1246.png,Cá lóc
1247.png,Cá lóc
1248.png,Cá lóc
1249.png,Cá lóc
1250.png,Cá lóc
1251.png,Cá lóc
1252.png,Cá lóc
1253.png,Cá lóc
1254.png,Cá lóc
1255.png,Cá lóc
1256.png,Cá lóc
1257.png,Cá lóc
1258.png,Cá lóc
1259.png,Cá lóc
1260.png,Cá lóc
1261.png,Cá lóc
1262.png,Cá lóc
1263.png,Cá lóc
1264.png,Cá lóc
1265.png,Cá lóc
1266.png,Cá lóc
1267.png,Cá lóc
1268.png,Cá lóc
1269.png,Cá lóc
1270.png,Cá lóc
1271.png,Cá lóc
1272.png,Cá lóc
1273.png,Cá lóc
1274.png,Cá lóc
1275.png,Cá lóc
1276.png,Cá lóc
1277.png,Cá lóc
1278.png,Cá lóc
1279.png,Cá lóc
1280.png,Cá lóc
1281.png,Cá lóc
1282.png,Cá lóc
1283.png,Cá lóc
1284.png,Cá ngát
1285.png,Cá ngát
1286.png,Cá ngát
1287.png,Cá ngát
1288.png,Cá ngát
1289.png,Cá ngát
1290.png,Cá ngát
1291.png,Cá ngát
1292.png,Cá ngát
1293.png,Cá ngát
1294.png,Cá ngát
1295.png,Cá ngát
1296.png,Cá ngát
1297.png,Cá ngát
1298.png,Cá ngát
1299.png,Cá ngát
1300.png,Cá ngát
1301.png,Cá ngát
1302.png,Cá ngát
1303.png,Cá ngát
1304.png,Cá ngát
1305.png,Cá ngát
1306.png,Cá ngát
1307.png,Cá ngát
1308.png,Cá ngát
1309.png,Cá ngát
1310.png,Cá ngát
1311.png,Cá ngát
1312.png,Cá ngát
1313.png,Cá ngát
1314.png,Cá ngát
1315.png,Cá đuối
1316.png,Cá đuối
1317.png,Cá đuối
1318.png,Cá đuối
1319.png,Cá đuối
1320.png,Cá đuối
1321.png,Cá đuối
1322.png,Cá đuối
1323.png,Cá đuối
1324.png,Cá đuối
1325.png,Cá đuối
1326.png,Cá đuối
1327.png,Cá đuối
1328.png,Cá đuối
1329.png,Cá đuối
1330.png,Cá đuối
1331.png,Cá đuối
1332.png,Cá đuối
1333.png,Cá đuối
1334.png,Cá đuối
1335.png,Cá đuối
1336.png,Cá đuối
1337.png,Cá đuối
1338.png,Cá đuối
1339.png,Cá đuối
1340.png,Cá đuối
1341.png,Cá đuối
1342.png,Cá đuối
1343.png,Cá đuối
1344.png,Cá đuối
1345.png,Cá đuối
1346.png,Cá đuối
1347.png,Cá đuối
1348.png,Cá đuối
1349.png,Cá đuối
1350.png,Cá đuối
1351.png,Cá đuối
1352.png,Cá đuối
1353.png,Cá đuối
1354.png,Cá đuối
1355.png,Cá đuối
1356.png,Cá nóc
1357.png,Cá nóc
1358.png,Cá nóc
1359.png,Cá nóc
1360.png,Cá nóc
1361.png,Cá nóc
1362.png,Cá nóc
1363.png,Cá nóc
1364.png,Cá nóc
1365.png,Cá nóc
1366.png,Cá nóc
1367.png,Cá nóc
1368.png,Cá nóc
1369.png,Cá nóc
1370.png,Cá nóc
1371.png,Cá nóc
1372.png,Cá nóc
1373.png,Cá nóc
1374.png,Cá nóc
1375.png,Cá nóc
1376.png,Cá nóc
1377.png,Cá nóc
1378.png,Cá nóc
1379.png,Cá nóc
1380.png,Cá nóc
1381.png,Cá chim
1382.png,Cá chim
1383.png,Cá chim
1384.png,Cá chim
1385.png,Cá chim
1386.png,Cá chim
1387.png,Cá chim
1388.png,Cá chim
1389.png,Cá chim
1390.png,Cá chim
1391.png,Cá chim
1392.png,Cá chim
1393.png,Cá chim
1394.png,Cá chim
1395.png,Cá chim
1396.png,Cá chim
1397.png,Cá chim
1398.png,Cá chim
1399.png,Cá chim
1400.png,Cá chim
1401.png,Cá chim
1402.png,Cá chim
1403.png,Cá chim
1404.png,Cá chim
1405.png,Cá chim
1406.png,Cá chim
1407.png,Cá chim
1408.png,Cá chim
1409.png,Cá chim
1410.png,Cá chim
1411.png,Cá chim
1412.png,Cá chim
1413.png,Cá chim
1414.png,Cá chim
1415.png,Cá chim
1416.png,Cá chim
1417.png,Cá chim
1418.png,Cá chim
1419.png,Cá chim
1420.png,Cá chim
1421.png,Cá chim
1422.png,Cá chim
1423.png,Cá chim
1424.png,Cá chim
1425.png,Cá chim
1426.png,Cá chim
1427.png,Cá chim
1428.png,Cá chim
1429.png,Cá chim
1430.png,Cá chim
1431.png,Cá chim
1432.png,Cá chim
1433.png,Cá chim
1434.png,Cá chim
1435.png,Cá chim
1436.png,Cá chim
1437.png,Cá chim
1438.png,Cá chim
1439.png,Cá chim
1440.png,Cá chim
1441.png,Cá chim
1442.png,Cá chim
1443.png,Cá chim
1444.png,Cá chim
1445.png,Cá chim
1446.png,Cá chim
1447.png,Cá chim
1448.png,Cá chim
1449.png,Cá chim
1450.png,Cá chim
1451.png,Cá nâu
1452.png,Cá nâu
1453.png,Cá nâu
1454.png,Cá nâu
1455.png,Cá nâu
1456.png,Cá nâu
1457.png,Cá nâu
1458.png,Cá nâu
1459.png,Cá nâu
1460.png,Cá nâu
1461.png,Cá nâu
1462.png,Cá nâu
1463.png,Cá nâu
1464.png,Cá nâu
1465.png,Cá nâu
1466.png,Cá nâu
1467.png,Cá nâu
1468.png,Cá nâu
1469.png,Cá nâu
1470.png,Cá nâu
1471.png,Cá nâu
1472.png,Cá nâu
1473.png,Cá nâu
1474.png,Cá nâu
1475.png,Cá nâu
1476.png,Cá nâu
1477.png,Cá nâu
1478.png,Cá nâu
1479.png,Cá nâu
1480.png,Cá nâu
1481.png,Cá nâu
1482.png,Cá nâu
1483.png,Cá nâu
1484.png,Cá nâu
1485.png,Cá nâu
1486.png,Cá nâu
1487.png,Cá nâu
1488.png,Cá nâu
1489.png,Cá nâu
1490.png,Cá nâu
1491.png,Cá nâu
1492.png,Cá nâu
1493.png,Cá nâu
1494.png,Cá nâu
1495.png,Cá nâu
1496.png,Cá nâu
1497.png,Cá nâu
1498.png,Cá nâu
1499.png,Cá nâu
1500.png,Cá nâu
1501.png,Cá nâu
1502.png,Cá nâu
1503.png,Cá nâu
1504.png,Cá nâu
1505.png,Cá nâu
1506.png,Cá nâu
1507.png,Cá tra
1508.png,Cá tra
1509.png,Cá tra
1510.png,Cá tra
1511.png,Cá tra
1512.png,Cá tra
1513.png,Cá tra
1514.png,Cá tra
1515.png,Cá tra
1516.png,Cá tra
1517.png,Cá tra
1518.png,Cá tra
1519.png,Cá tra
1520.png,Cá tra
1521.png,Cá tra
1522.png,Cá tra
1523.png,Cá tra
1524.png,Cá tra
1525.png,Cá tra
1526.png,Cá tra
1527.png,Cá tra
1528.png,Cá tra
1529.png,Cá tra
1530.png,Cá tra
1531.png,Cá tra
1532.png,Cá tra
1533.png,Cá tra
1534.png,Cá tra
1535.png,Cá tra
1536.png,Cá tra
1537.png,Cá tra
1538.png,Cá tra
1539.png,Cá tra
1540.png,Cá tra
1541.png,Cá tra
1542.png,Cá tra
1543.png,Cá tra
1544.png,Cá tai tượng
1545.png,Cá tai tượng
1546.png,Cá tai tượng
1547.png,Cá tai tượng
1548.png,Cá tai tượng
1549.png,Cá tai tượng
1550.png,Cá tai tượng
1551.png,Cá tai tượng
1552.png,Cá tai tượng
1553.png,Cá tai tượng
1554.png,Cá tai tượng
1555.png,Cá tai tượng
1556.png,Cá tai tượng
1557.png,Cá tai tượng
1558.png,Cá tai tượng
1559.png,Cá tai tượng
1560.png,Cá tai tượng
1561.png,Cá tai tượng
1562.png,Cá tai tượng
1563.png,Cá tai tượng
1564.png,Cá tai tượng
1565.png,Cá tai tượng
1566.png,Cá tai tượng
1567.png,Cá tai tượng
1568.png,Cá tai tượng
1569.png,Cá tai tượng
1570.png,Cá tai tượng
1571.png,Cá tai tượng
1572.png,Cá tai tượng
1573.png,Cá tai tượng
1574.png,Cá tai tượng
1575.png,Cá tai tượng
1576.png,Cá tai tượng
1577.png,Cá tai tượng
1578.png,Cá tai tượng
1579.png,Cá tai tượng
1580.png,Cá tai tượng
1581.png,Cá tai tượng
1582.png,Cá tai tượng
1583.png,Cá tai tượng
1584.png,Cá tai tượng
1585.png,Cá tai tượng
1586.png,Cá tai tượng
1587.png,Cá tai tượng
1588.png,Cá tai tượng
1589.png,Cá tai tượng
1590.png,Cá tai tượng
1591.png,Cá tai tượng
1592.png,Cá tai tượng
1593.png,Cá tai tượng
1594.png,Cá tai tượng
1595.png,Cá kèo
1596.png,Cá kèo
1597.png,Cá kèo
1598.png,Cá kèo
1599.png,Cá kèo
1600.png,Cá kèo
1601.png,Cá kèo
1602.png,Cá kèo
1603.png,Cá kèo
1604.png,Cá kèo
1605.png,Cá kèo
1606.png,Cá kèo
1607.png,Cá kèo
1608.png,Cá kèo
1609.png,Cá kèo
1610.png,Cá kèo
1611.png,Cá kèo
1612.png,Cá kèo
1613.png,Cá kèo
1614.png,Cá kèo
1615.png,Cá kèo
1616.png,Cá kèo
1617.png,Cá kèo
1618.png,Cá kèo
1619.png,Cá kèo
1620.png,Cá kèo
1621.png,Cá kèo
1622.png,Cá kèo
1623.png,Cá kèo
1624.png,Cá kèo
1625.png,Cá chẽm
1626.png,Cá chẽm
1627.png,Cá chẽm
1628.png,Cá chẽm
1629.png,Cá chẽm
1630.png,Cá chẽm
1631.png,Cá chẽm
1632.png,Cá chẽm
1633.png,Cá chẽm
1634.png,Cá chẽm
1635.png,Cá chẽm
1636.png,Cá chẽm
1637.png,Cá chẽm
1638.png,Cá chẽm
1639.png,Cá chẽm
1640.png,Cá chẽm
1641.png,Cá chẽm
1642.png,Cá chẽm
1643.png,Cá chẽm
1644.png,Cá chẽm
1645.png,Cá chẽm
1646.png,Cá chẽm
1647.png,Cá chẽm
1648.png,Cá chẽm
1649.png,Cá chẽm
1650.png,Cá chẽm
1651.png,Cá chẽm
1652.png,Cá chẽm
1653.png,Cá chẽm
1654.png,Cá chẽm
1655.png,Cá chẽm
1656.png,Cá chẽm
1657.png,Cá chẽm
1658.png,Cá chẽm
1659.png,Cá chẽm
1660.png,Cá chẽm
1661.png,Cá chẽm
1662.png,Cá chẽm
1663.png,Cá chẽm
1664.png,Cá chẽm
1665.png,Cá chẽm
1666.png,Cá chẽm
1667.png,Cá chẽm
1668.png,Cá chẽm
1669.png,Cá chẽm
1670.png,Cá chẽm
1671.png,Cá chẽm
1672.png,Cá chẽm
1673.png,Cá chẽm
1674.png,Cá chẽm
1675.png,Cá chẽm
1676.png,Cá chẽm
1677.png,Cá chẽm
1678.png,Cá chẽm
1679.png,Cá chẽm
1680.png,Cá chẽm
1681.png,Cá chẽm
1682.png,Cá ngừ
1683.png,Cá ngừ
1684.png,Cá ngừ
1685.png,Cá ngừ
1686.png,Cá ngừ
1687.png,Cá ngừ
1688.png,Cá ngừ
1689.png,Cá ngừ
1690.png,Cá ngừ
1691.png,Cá ngừ
1692.png,Cá ngừ
1693.png,Cá ngừ
1694.png,Cá ngừ
1695.png,Cá ngừ
1696.png,Cá ngừ
1697.png,Cá ngừ
1698.png,Cá ngừ
1699.png,Cá ngừ
1700.png,Cá ngừ
1701.png,Cá ngừ
1702.png,Cá ngừ
1703.png,Cá ngừ
1704.png,Cá ngừ
1705.png,Cá ngừ
1706.png,Cá ngừ
1707.png,Cá ngừ
1708.png,Cá ngừ
1709.png,Cá ngừ
1710.png,Cá ngừ
1711.png,Cá ngừ
1712.png,Cá ngừ
1713.png,Cá ngừ
1714.png,Cá ngừ
1715.png,Cá ngừ
1716.png,Cá ngừ
1717.png,Cá ngừ
1718.png,Cá ngừ
1719.png,Cá ngừ
1720.png,Cá ngừ
1721.png,Cá ngừ
1722.png,Cá hồi
1723.png,Cá hồi
1724.png,Cá hồi
1725.png,Cá hồi
1726.png,Cá hồi
1727.png,Cá hồi
1728.png,Cá hồi
1729.png,Cá hồi
1730.png,Cá hồi
1731.png,Cá hồi
1732.png,Cá hồi
1733.png,Cá hồi
1734.png,Cá hồi
1735.png,Cá hồi
1736.png,Cá hồi
1737.png,Cá hồi
1738.png,Cá hồi
1739.png,Cá hồi
1740.png,Cá hồi
1741.png,Cá hồi
1742.png,Cá hồi
1743.png,Cá hồi
1744.png,Cá hồi
1745.png,Cá hồi
1746.png,Cá hồi
1747.png,Cá hồi
1748.png,Cá hồi
1749.jpg,Mực
1750.jpg,Mực
1751.jpg,Mực
1752.jpg,Mực
1753.jpg,Mực
1754.jpg,Mực
1755.jpg,Mực
1756.jpg,Mực
1757.jpg,Mực
1758.jpg,Mực
1759.jpg,Mực
1760.jpg,Mực
1761.jpg,Mực
1762.jpg,Mực
1763.jpg,Mực
1764.jpg,Mực
1765.jpg,Mực
1766.jpg,Mực
1767.jpg,Mực
1768.jpg,Mực
1769.jpg,Mực
1770.jpg,Mực
1771.jpg,Mực
1772.jpg,Mực
1773.jpg,Mực
1774.jpg,Mực
1775.jpg,Mực
1776.jpg,Mực
1777.jpg,Mực
1778.jpg,Mực
1779.jpg,Mực
1780.jpg,Mực
1781.jpg,Mực
1782.jpg,Mực
1783.jpg,Mực
1784.jpg,Mực
1785.jpg,Mực
1786.jpg,Mực
1787.jpg,Mực
1788.jpg,Mực
1789.jpg,Mực
1790.jpg,Mực
1791.jpg,Mực
1792.jpg,Mực
1793.jpg,Mực
1794.jpg,Mực
1795.jpg,Mực
1796.jpg,Mực
1797.jpg,Mực
1798.jpg,Mực
1799.jpg,Mực
1800.jpg,Mực
1801.jpg,Mực
1802.jpg,Mực
1803.jpg,Mực
1804.jpg,Mực
1805.jpg,Mực
1806.jpg,Mực
1807.jpg,Mực
1808.jpg,Mực
1809.jpg,Mực
1810.jpg,Mực
1811.jpg,Mực
1812.png,Cá nục
1813.png,Cá nục
1814.png,Cá nục
1815.png,Cá nục
1816.png,Cá nục
1817.png,Cá nục
1818.png,Cá nục
1819.png,Cá nục
1820.png,Cá nục
1821.png,Cá nục
1822.png,Cá nục
1823.png,Cá nục
1824.png,Cá nục
1825.png,Cá nục
1826.png,Cá nục
1827.png,Cá nục
1828.png,Cá nục
1829.png,Cá nục
1830.png,Cá nục
1831.png,Cá nục
1832.png,Cá nục
1833.png,Cá nục
1834.png,Cá nục
1835.png,Cá nục
1836.png,Cá nục
1837.png,Cá nục
1838.png,Cá nục
1839.png,Cá nục
1840.png,Cá nục
1841.png,Cá nục
1842.png,Cá nục
1843.png,Cá nục
1844.png,Cá nục
1845.png,Cá nục
1846.png,Cá nục
1847.png,Cá nục
1848.png,Cá nục
1849.png,Cá thác lác
1850.png,Cá thác lác
1851.png,Cá thác lác
1852.png,Cá thác lác
1853.png,Cá thác lác
1854.png,Cá thác lác
1855.png,Cá thác lác
1856.png,Cá thác lác
1857.png,Cá thác lác
1858.png,Cá thác lác
1859.png,Cá thác lác
1860.png,Cá thác lác
1861.png,Cá thác lác
1862.png,Cá thác lác
1863.png,Cá thác lác
1864.png,Cá thác lác
1865.png,Cá thác lác
1866.png,Cá thác lác
1867.png,Cá thác lác
1868.png,Cá thác lác
1869.png,Cá thác lác
1870.png,Cá thác lác
1871.png,Cá thác lác
1872.png,Cá thác lác
1873.png,Cá thác lác
1874.png,Cá thác lác
1875.png,Cá thác lác
1876.png,Cá thác lác
1877.png,Cá thác lác
1878.png,Cá thác lác
1879.png,Cá thác lác
1880.png,Cá thác lác
1881.png,Cá thòi lòi
1882.png,Cá thòi lòi
1883.png,Cá thòi lòi
1884.png,Cá thòi lòi
1885.png,Cá thòi lòi
1886.png,Cá thòi lòi
1887.png,Cá thòi lòi
1888.png,Cá thòi lòi
1889.png,Cá thòi lòi
1890.png,Cá thòi lòi
1891.png,Cá thòi lòi
1892.png,Cá thòi lòi
1893.png,Cá thòi lòi
1894.png,Cá thòi lòi
1895.png,Cá thòi lòi
1896.png,Cá thòi lòi
1897.png,Cá thòi lòi
1898.png,Cá thòi lòi
1899.png,Cá thòi lòi
1900.png,Cá thòi lòi
1901.png,Cá thòi lòi
1902.png,Cá thòi lòi
1903.png,Cá thòi lòi
1904.png,Cá thòi lòi
1905.png,Cá thòi lòi
1906.png,Cá thòi lòi
1907.png,Cá thòi lòi
1908.png,Cá thòi lòi
1909.png,Cá thòi lòi
1910.png,Cá thòi lòi
1911.png,Cá thòi lòi
1912.png,Cá thòi lòi
1913.png,Cá thòi lòi
1914.png,Cá thòi lòi
1915.png,Cá thòi lòi
1916.png,Cá thòi lòi
1917.png,Cá thòi lòi
1918.png,Cá thòi lòi
1919.png,Cá thòi lòi
1920.png,Cá thòi lòi
1921.png,Cá thòi lòi
1922.png,Cá thòi lòi
1923.png,Cá thòi lòi
1924.png,Cá thòi lòi
1925.png,Cá mè vinh
1926.png,Cá mè vinh
1927.png,Cá mè vinh
1928.png,Cá mè vinh
1929.png,Cá mè vinh
1930.png,Cá mè vinh
1931.png,Cá mè vinh
1932.png,Cá mè vinh
1933.png,Cá mè vinh
1934.png,Cá mè vinh
1935.png,Cá mè vinh
1936.png,Cá mè vinh
1937.png,Cá mè vinh
1938.png,Cá mè vinh
1939.png,Cá mè vinh
1940.png,Cá mè vinh
1941.png,Cá mè vinh
1942.png,Cá mè vinh
1943.png,Cá mè vinh
1944.png,Cá mè vinh
1945.png,Cá mè vinh
1946.png,Cá mè vinh
1947.png,Cá mè vinh
1948.png,Cá mè vinh
1949.png,Cá mè vinh
1950.png,Cá mè vinh
1951.png,Cá mè vinh
1952.png,Cá mè vinh
1953.png,Cá mè vinh
1954.png,Cá mè vinh
1955.png,Bạch tuộc
1956.png,Bạch tuộc
1957.png,Bạch tuộc
1958.png,Bạch tuộc
1959.png,Bạch tuộc
1960.png,Bạch tuộc
1961.png,Bạch tuộc
1962.png,Bạch tuộc
1963.png,Bạch tuộc
1964.png,Bạch tuộc
1965.png,Bạch tuộc
1966.png,Bạch tuộc
1967.png,Bạch tuộc
1968.png,Bạch tuộc
1969.png,Bạch tuộc
1970.png,Bạch tuộc
1971.png,Bạch tuộc
1972.png,Bạch tuộc
1973.png,Bạch tuộc
1974.png,Bạch tuộc
1975.png,Bạch tuộc
1976.png,Bạch tuộc
1977.png,Bạch tuộc
1978.png,Bạch tuộc
1979.png,Bạch tuộc
1980.png,Bạch tuộc
1981.png,Bạch tuộc
1982.png,Bạch tuộc
1983.png,Bạch tuộc
1984.png,Bạch tuộc
1985.png,Cá hú
1986.png,Cá hú
1987.png,Cá hú
1988.png,Cá hú
1989.png,Cá hú
1990.png,Cá hú
1991.png,Cá hú
1992.png,Cá hú
1993.png,Cá hú
1994.png,Cá hú
1995.png,Cá hú
1996.png,Cá hú
1997.png,Cá hú
1998.png,Cá hú
1999.png,Cá hú
2000.png,Cá hú
2001.png,Cá hú
2002.png,Cá hú
2003.png,Cá hú
2004.png,Cá hú
2005.png,Cá hú
2006.png,Cá hú
2007.png,Cá hú
2008.png,Cá hú
2009.png,Cá hú
2010.png,Cá hú
2011.png,Cá hú
2012.png,Cá hú
2013.png,Cá hú
2014.png,Cá hú
2015.png,Cá hú
2016.png,Cá hú
2017.png,Cá hú
2018.png,Cá hú
2019.png,Cá hú
2020.png,Cá hú
2021.png,Cá hú
2022.png,Cá hú
2023.png,Cá hú
2024.png,Cá hú
2025.png,Cá hú
2026.png,Cá hú
2027.png,Cá hú
2028.png,Cá hú
2029.png,Cá hú
2030.png,Cá hú
2031.png,Cá hú
2032.png,Cá hú
2033.png,Cá hú
2034.png,Cá hú
2035.png,Cá hú
2036.png,Cá hú
2037.png,Cá dứa
2038.png,Cá dứa
2039.png,Cá dứa
2040.png,Cá dứa
2041.png,Cá dứa
2042.png,Cá dứa
2043.png,Cá dứa
2044.png,Cá dứa
2045.png,Cá dứa
2046.png,Cá dứa
2047.png,Cá dứa
2048.png,Cá dứa
2049.png,Cá dứa
2050.png,Cá dứa
2051.png,Cá dứa
2052.png,Cá dứa
2053.png,Cá dứa
2054.png,Cá dứa
2055.png,Cá dứa
2056.png,Cá bóng
2057.png,Cá bóng
2058.png,Cá bóng
2059.png,Cá bóng
2060.png,Cá bóng
2061.png,Cá bóng
2062.png,Cá bóng
2063.png,Cá bóng
2064.png,Cá bóng
2065.png,Cá bóng
2066.png,Cá bóng
2067.png,Cá bóng
2068.png,Cá bóng
2069.png,Cá bóng
2070.png,Cá bóng
2071.png,Cá bóng
2072.png,Cá bóng
2073.png,Cá bóng
2074.png,Cá bóng
2075.png,Cá bóng
2076.png,Cá bóng
2077.png,Cá bóng
2078.png,Cá điêu hồng
2079.png,Cá điêu hồng
2080.png,Cá điêu hồng
2081.png,Cá điêu hồng
2082.png,Cá điêu hồng
2083.png,Cá điêu hồng
2084.png,Cá điêu hồng
2085.png,Cá điêu hồng
2086.png,Cá điêu hồng
2087.png,Cá điêu hồng
2088.png,Cá điêu hồng
2089.png,Cá điêu hồng
2090.png,Cá điêu hồng
2091.png,Cá điêu hồng
2092.png,Cá điêu hồng
2093.png,Cá điêu hồng
2094.png,Cá điêu hồng
2095.png,Cá điêu hồng
2096.png,Cá điêu hồng
2097.png,Cá điêu hồng
2098.png,Cá điêu hồng
2099.png,Cá điêu hồng
2100.png,Cá điêu hồng
2101.png,Cá điêu hồng
2102.png,Cá điêu hồng
2103.png,Cá điêu hồng
2104.png,Cá điêu hồng
2105.png,Cá điêu hồng
2106.png,Cá điêu hồng
2107.png,Cá điêu hồng
2108.png,Cá điêu hồng
2109.png,Cá điêu hồng
2110.png,Cá điêu hồng
2111.png,Cá điêu hồng
2112.png,Cá điêu hồng
2113.png,Cá điêu hồng
2114.png,Cá điêu hồng
2115.png,Cá chốt
2116.png,Cá chốt
2117.png,Cá chốt
2118.png,Cá chốt
2119.png,Cá chốt
2120.png,Cá chốt
2121.png,Cá chốt
2122.png,Cá chốt
2123.png,Cá chốt
2124.png,Cá chốt
2125.png,Cá chốt
2126.png,Cá chốt
2127.png,Cá chốt
2128.png,Cá chốt
2129.png,Cá chốt
2130.png,Cá chốt
2131.png,Cá chốt
2132.png,Cá chốt
2133.png,Cá chốt
2134.png,Ba khía
2135.png,Ba khía
2136.png,Ba khía
2137.png,Ba khía
2138.png,Ba khía
2139.png,Ba khía
2140.png,Ba khía
2141.png,Ba khía
2142.png,Ba khía
2143.png,Ba khía
2144.png,Ba khía
2145.png,Ba khía
2146.png,Ba khía
2147.png,Ba khía
2148.png,Ba khía
2149.png,Ba khía
2150.png,Ba khía
2151.png,Ba khía
2152.png,Ba khía
2153.png,Ba khía
2154.png,Cá basa
2155.png,Cá basa
2156.png,Cá basa
2157.png,Cá basa
2158.png,Cá basa
2159.png,Cá basa
2160.png,Cá basa
2161.png,Cá basa
2162.png,Cá basa
2163.png,Cá basa
2164.png,Cá basa
2165.png,Cá basa
2166.png,Cá basa
2167.png,Cá lăng
2168.png,Cá lăng
2169.png,Cá lăng
2170.png,Cá lăng
2171.png,Cá lăng
2172.png,Cá lăng
2173.png,Cá lăng
2174.png,Cá lăng
2175.png,Cá lăng
2176.png,Cá lăng
2177.png,Cá lăng
2178.png,Cá lăng
2179.png,Cá lăng
2180.png,Cá lăng
2181.png,Cá lăng
2182.png,Cá lăng
2183.png,Cá lăng
2184.png,Cá lăng
2185.png,Cá lăng
2186.png,Cá lăng
2187.png,Cá lăng
2188.png,Cá lăng
2189.png,Cá lăng
2190.png,Cá lăng
2191.png,Cá lăng
2192.png,Cá lăng
2193.png,Cá lăng
2194.png,Cá lăng
2195.png,Cá lăng
2196.png,Cá lăng
2197.png,Cá lăng
2198.png,Cá lăng
2199.png,Cua đá
2200.png,Cua đá
2201.png,Cua đá
2202.png,Cua đá
2203.png,Cua đá
2204.png,Cua đá
2205.png,Cua đá
2206.png,Cua đá
2207.png,Cua đá
2208.png,Cua đá
2209.png,Cua đá
2210.png,Cua đá
2211.png,Cua đá
2212.png,Cua đá
2213.png,Cua đá
2214.png,Cua đá
2215.png,Cua đá
2216.png,Cua đá
2217.png,Cua đá
2218.png,Cua đá
2219.png,Cua lông
2220.png,Cua lông
2221.png,Cua lông
2222.png,Cua lông
2223.png,Cua lông
2224.png,Cua lông
2225.png,Cua lông
2226.png,Cua lông
2227.png,Cua lông
2228.png,Cua lông
2229.png,Cua lông
2230.png,Cua lông
2231.png,Cua lông
2232.png,Cua lông
2233.png,Cua lông
2234.png,Cua lông
2235.png,Cua lông
2236.png,Cua lông
2237.png,Cua lông
2238.png,Cua lông
2239.png,Cua lông
2240.png,Cua lông
2241.png,Cua lông
2242.png,Cua lông
2243.png,Cua lông
2244.png,Cua lông
2245.png,Cua lông
2246.png,Cua lông
2247.png,Cua lông
2248.png,Cua lông
2249.png,Cua lông
2250.png,Cua lông
2251.png,Cua lông
2252.png,Cua lông
2253.png,Cua lông
2254.png,Cua lông
2255.png,Cua lông
2256.png,Cua lông
2257.png,Cua lông
2258.png,Cua lông
2259.png,Cua lông
2260.png,Cua lông
2261.png,Lươn
2262.png,Lươn
2263.png,Lươn
2264.png,Lươn
2265.png,Lươn
2266.png,Lươn
2267.png,Lươn
2268.png,Lươn
2269.png,Lươn
2270.png,Lươn
2271.png,Lươn
2272.png,Lươn
2273.png,Lươn
2274.png,Lươn
2275.png,Lươn
2276.png,Sò huyết
2277.png,Sò huyết
2278.png,Sò huyết
2279.png,Sò huyết
2280.png,Sò huyết
2281.png,Sò huyết
2282.png,Sò huyết
2283.png,Sò huyết
2284.png,Sò huyết
2285.png,Sò huyết
2286.png,Sò huyết
2287.png,Sò huyết
2288.png,Sò huyết
2289.png,Sò huyết
2290.png,Sò huyết
2291.png,Sò huyết
2292.png,Sò huyết
2293.png,Sò huyết
2294.png,Sò huyết
2295.png,Sò huyết
2296.png,Sò huyết
2297.png,Sò huyết
2298.png,Sò huyết
2299.png,Sò huyết
2300.png,Sò huyết
2301.png,Sò huyết
2302.png,Sò huyết
2303.png,Sò huyết
2304.png,Sò huyết
2305.png,Sò huyết
2306.png,Sò huyết
2307.png,Sò huyết
2308.png,Sò huyết
2309.png,Sò huyết
2310.png,Sò huyết
2311.png,Sò huyết
2312.png,Sò huyết
2313.png,Sò huyết
2314.png,Sò huyết
2315.png,Sò huyết
2316.png,Sò huyết
2317.png,Sò lông
2318.png,Sò lông
2319.png,Sò lông
2320.png,Sò lông
2321.png,Sò lông
2322.png,Sò lông
2323.png,Sò lông
2324.png,Sò lông
2325.png,Sò lông
2326.png,Sò lông
2327.png,Sò lông
2328.png,Sò lông
2329.png,Sò lông
2330.png,Sò lông
2331.png,Sò lông
2332.png,Sò lông
2333.png,Sò lông
2334.png,Sò lông
2335.png,Sò lông
2336.png,Sò lông
2337.png,Sò lông
2338.png,Sò lông
2339.png,Sò lông
2340.png,Ốc hương
2341.png,Ốc hương
2342.png,Ốc hương
2343.png,Ốc hương
2344.png,Ốc hương
2345.png,Ốc hương
2346.png,Ốc hương
2347.png,Ốc hương
2348.png,Ốc hương
2349.png,Ốc hương
2350.png,Ốc hương
2351.png,Ốc hương
2352.png,Ốc hương
2353.png,Ốc hương
2354.png,Ốc hương
2355.png,Ốc hương
2356.png,Ốc hương
2357.png,Ốc hương
2358.png,Ốc hương
2359.png,Ốc hương
2360.png,Ốc hương
2361.png,Ốc hương
2362.png,Ốc hương
2363.png,Ốc hương
2364.png,Ốc hương
2365.png,Ốc hương
2366.png,Ốc hương
2367.png,Ốc hương
2368.png,Ốc hương
2369.png,Ốc hương
2370.png,Ốc hương
2371.png,Ốc hương
2372.png,Ốc hương
2373.png,Ốc hương
2374.png,Ốc hương
2375.png,Ốc hương
2376.png,Ốc hương
2377.png,Ốc hương
2378.png,Ốc hương
2379.png,Ốc hương
2380.png,Ốc hương
2381.png,Ốc hương
2382.png,Ốc hương
2383.png,Ốc hương
2384.png,Ốc hương
2385.png,Hào
2386.png,Hào
2387.png,Hào
2388.png,Hào
2389.png,Hào
2390.png,Hào
2391.png,Hào
2392.png,Hào
2393.png,Hào
2394.png,Hào
2395.png,Hào
2396.png,Hào
2397.png,Hào
2398.png,Hào
2399.png,Hào
2400.png,Hào
2401.png,Hào
2402.png,Vọp
2403.png,Vọp
2404.png,Vọp
2405.png,Vọp
2406.png,Vọp
2407.png,Vọp
2408.png,Vọp
2409.png,Vọp
2410.png,Vọp
2411.png,Vọp
2412.png,Vọp
2413.png,Vọp
2414.png,Vọp
2415.png,Vọp
2416.png,Vọp
2417.png,Vọp
2418.png,Vọp
2419.png,Vọp
2420.png,Vọp
2421.png,Vọp
2422.png,Vọp
2423.png,Vọp
2424.png,Vọp
2425.png,Vọp
2426.png,Vọp
2427.png,Vọp
2428.png,Ốc vòi voi
2429.png,Ốc vòi voi
2430.png,Ốc vòi voi
2431.png,Ốc vòi voi
2432.png,Ốc vòi voi
2433.png,Ốc vòi voi
2434.png,Ốc vòi voi
2435.png,Ốc vòi voi
2436.png,Ốc vòi voi
2437.png,Ốc vòi voi
2438.png,Ốc vòi voi
2439.png,Ốc vòi voi
2440.png,Ốc vòi voi
2441.png,Ốc vòi voi
2442.png,Ốc vòi voi
2443.png,Ốc vòi voi
2444.png,Ốc vòi voi
2445.png,Ốc vòi voi
2446.png,Ốc vòi voi
2447.png,Ốc vòi voi
2448.png,Ốc vòi voi
2449.png,Ốc vòi voi
2450.png,Ốc vòi voi
2451.png,Ốc vòi voi
2452.png,Ốc vòi voi
2453.png,Ốc vòi voi
2454.png,Ốc vòi voi
2455.png,Ốc giác vàng
2456.png,Ốc giác vàng
2457.png,Ốc giác vàng
2458.png,Ốc giác vàng
2459.png,Ốc giác vàng
2460.png,Ốc giác vàng
2461.png,Ốc giác vàng
2462.png,Ốc giác vàng
2463.png,Ốc giác vàng
2464.png,Ốc giác vàng
2465.png,Ốc giác vàng
2466.png,Ốc giác vàng
2467.png,Ốc giác vàng
2468.png,Ốc giác vàng
2469.png,Ốc giác vàng
2470.png,Ốc giác vàng
2471.png,Ốc giác vàng
2472.png,Ốc giác vàng
2473.png,Ốc giác vàng
2474.png,Ốc giác vàng
2475.png,Ốc giác vàng
2476.png,Ốc giác vàng
2477.png,Ốc giác vàng
2478.png,Ốc giác vàng
2479.png,Ốc bươu
2480.png,Ốc bươu
2481.png,Ốc bươu
2482.png,Ốc bươu
2483.png,Ốc bươu
2484.png,Ốc bươu
2485.png,Ốc bươu
2486.png,Ốc bươu
2487.png,Ốc bươu
2488.png,Ốc bươu
2489.png,Ốc bươu
2490.png,Ốc bươu
2491.png,Ốc bươu
2492.png,Ốc bươu
2493.png,Ốc bươu
2494.png,Ốc bươu
2495.png,Ốc bươu
2496.png,Ốc bươu
2497.png,Ốc bươu
2498.png,Ốc bươu
2499.png,Ốc bươu
2500.png,Ốc sên
2501.png,Ốc sên
2502.png,Ốc sên
2503.png,Ốc sên
2504.png,Ốc sên
2505.png,Ốc sên
2506.png,Ốc sên
2507.png,Ốc sên
2508.png,Ốc sên
2509.png,Ốc sên
2510.png,Ốc sên
2511.png,Ốc sên
2512.png,Ốc sên
2513.png,Ốc sên
2514.png,Ốc sên
2515.png,Ốc sên
2516.png,Ốc sên
2517.png,Hến
2518.png,Hến
2519.png,Hến
2520.png,Hến
2521.png,Hến
2522.png,Hến
2523.png,Hến
2524.png,Hến
2525.png,Hến
2526.png,Hến
2527.png,Hến
2528.png,Hến
2529.png,Hến
2530.png,Hến
2531.png,Hến
2532.png,Hến
2533.png,Hến
2534.png,Hến
2535.png,Hến
2536.png,Hến
2537.png,Hến
2538.png,Hến
2539.png,Hến
2540.png,Hến
2541.png,Hến
2542.png,Hến
2543.png,Hến
2544.png,Hến
2545.png,Hến
2546.png,Hến
2547.png,Hến
2548.png,Hến
2549.png,Hến
2550.png,Hến
2551.png,Hến
2552.png,Hến
2553.png,Hến
2554.png,Hến
2555.png,Sò điệp
2556.png,Sò điệp
2557.png,Sò điệp
2558.png,Sò điệp
2559.png,Sò điệp
2560.png,Sò điệp
2561.png,Sò điệp
2562.png,Sò điệp
2563.png,Sò điệp
2564.png,Sò điệp
2565.png,Sò điệp
2566.png,Sò điệp
2567.png,Sò điệp
2568.png,Sò điệp
2569.png,Sò điệp
2570.png,Sò điệp
2571.png,Sò điệp
2572.png,Sò điệp
2573.png,Sò điệp
2574.png,Sò điệp
2575.png,Sò điệp
2576.png,Sò điệp
2577.png,Sò điệp
2578.png,Sò điệp
2579.png,Sò điệp
2580.png,Sò điệp
2581.png,Sò điệp
2582.png,Sò điệp
2583.png,Sò điệp
2584.png,Sò điệp
2585.png,Sò điệp
2586.png,Sò điệp
2587.png,Sò điệp
2588.png,Sò điệp
2589.png,Sò điệp
2590.png,Sò điệp
2591.png,Sò điệp
2592.png,Sò điệp
2593.png,Sò điệp
2594.png,Sò điệp
2595.png,Sò điệp
2596.png,Sò điệp
